Model,RMSE,MAE,R2,MAPE
Linear Regression,69.32313269502465,36.50832783448811,0.8833986934169493,52.086600695363316
