Model,Window,RMSE,MAE,R2,MAPE
MA_7,7,88.41234857489859,48.96377871676176,0.8146620922974611,56.186801887531836
MA_28,28,87.91454064272443,49.11720512164927,0.8167433159819033,58.2551015643514
