Model,RMSE,MAE,R2,MAPE
Prophet,75.57162279240602,41.48427707190827,0.864588391252474,53.874916266685304
