Model,RMSE,MAE,R2,MAPE
XGBoost,66.83806989083904,34.5254539056576,0.8916085922237477,50.232315476348965
