Model,RMSE,MAE,R2,MAPE
Original,67.91,35.33,0.8882,50.64
Tuned,67.08599956075103,34.93652166442541,0.8909315896399654,50.67382358436713
