Model,RMSE,MAE,R2,MAPE
XGBoost_Tuned,67.08599956075103,34.93652166442541,0.8909315896399654,50.67382358436713
